"","Bird","Plant","Occupancy","Iteration","True_State"
"1",1,1,129,"1",120
"2",1,1,138,"10",120
"3",1,1,121,"13",120
"4",1,1,109,"12",120
"5",1,1,119,"6",120
"6",1,1,138,"8",120
"7",1,1,123,"11",120
"8",1,1,109,"7",120
"9",1,1,133,"14",120
"10",1,1,116,"9",120
"11",1,1,124,"5",120
"12",1,1,101,"4",120
"13",1,1,114,"3",120
"14",1,1,127,"2",120
"15",1,10,215,"8",229
"16",1,10,219,"3",229
"17",1,10,221,"1",229
"18",1,10,215,"14",229
"19",1,10,213,"9",229
"20",1,10,220,"4",229
"21",1,10,243,"11",229
"22",1,10,224,"10",229
"23",1,10,229,"13",229
"24",1,10,207,"7",229
"25",1,10,204,"5",229
"26",1,10,225,"12",229
"27",1,10,232,"6",229
"28",1,10,223,"2",229
"29",1,11,110,"5",84
"30",1,11,81,"14",84
"31",1,11,108,"3",84
"32",1,11,92,"7",84
"33",1,11,89,"4",84
"34",1,11,103,"6",84
"35",1,11,91,"1",84
"36",1,11,83,"9",84
"37",1,11,92,"12",84
"38",1,11,103,"13",84
"39",1,11,98,"8",84
"40",1,11,109,"2",84
"41",1,11,96,"10",84
"42",1,11,91,"11",84
"43",1,12,159,"9",128
"44",1,12,135,"10",128
"45",1,12,128,"8",128
"46",1,12,105,"11",128
"47",1,12,122,"3",128
"48",1,12,126,"5",128
"49",1,12,121,"1",128
"50",1,12,141,"12",128
"51",1,12,125,"2",128
"52",1,12,110,"4",128
"53",1,12,122,"7",128
"54",1,12,107,"13",128
"55",1,12,117,"6",128
"56",1,12,119,"14",128
"57",1,13,228,"6",247
"58",1,13,264,"12",247
"59",1,13,225,"8",247
"60",1,13,218,"9",247
"61",1,13,258,"7",247
"62",1,13,246,"1",247
"63",1,13,257,"4",247
"64",1,13,230,"5",247
"65",1,13,230,"3",247
"66",1,13,241,"14",247
"67",1,13,278,"10",247
"68",1,13,243,"11",247
"69",1,13,220,"13",247
"70",1,13,248,"2",247
"71",1,14,198,"14",183
"72",1,14,189,"3",183
"73",1,14,165,"11",183
"74",1,14,203,"2",183
"75",1,14,177,"9",183
"76",1,14,165,"10",183
"77",1,14,167,"8",183
"78",1,14,165,"5",183
"79",1,14,186,"12",183
"80",1,14,183,"1",183
"81",1,14,160,"4",183
"82",1,14,175,"6",183
"83",1,14,159,"7",183
"84",1,14,161,"13",183
"85",1,15,158,"5",161
"86",1,15,164,"6",161
"87",1,15,182,"12",161
"88",1,15,161,"9",161
"89",1,15,174,"3",161
"90",1,15,141,"8",161
"91",1,15,160,"4",161
"92",1,15,156,"1",161
"93",1,15,148,"7",161
"94",1,15,166,"2",161
"95",1,15,173,"13",161
"96",1,15,177,"10",161
"97",1,15,162,"14",161
"98",1,15,158,"11",161
"99",1,16,143,"3",144
"100",1,16,147,"9",144
"101",1,16,121,"11",144
"102",1,16,157,"4",144
"103",1,16,141,"12",144
"104",1,16,149,"2",144
"105",1,16,135,"5",144
"106",1,16,163,"6",144
"107",1,16,138,"8",144
"108",1,16,157,"7",144
"109",1,16,156,"10",144
"110",1,16,158,"1",144
"111",1,16,148,"13",144
"112",1,16,142,"14",144
"113",1,17,151,"8",150
"114",1,17,143,"4",150
"115",1,17,149,"1",150
"116",1,17,157,"10",150
"117",1,17,148,"2",150
"118",1,17,169,"11",150
"119",1,17,179,"12",150
"120",1,17,164,"13",150
"121",1,17,158,"6",150
"122",1,17,147,"9",150
"123",1,17,140,"5",150
"124",1,17,149,"14",150
"125",1,17,150,"7",150
"126",1,17,166,"3",150
"127",1,18,219,"1",202
"128",1,18,182,"9",202
"129",1,18,212,"2",202
"130",1,18,218,"13",202
"131",1,18,177,"14",202
"132",1,18,188,"3",202
"133",1,18,210,"10",202
"134",1,18,204,"4",202
"135",1,18,219,"12",202
"136",1,18,195,"7",202
"137",1,18,208,"6",202
"138",1,18,216,"8",202
"139",1,18,205,"5",202
"140",1,18,187,"11",202
"141",1,19,180,"13",211
"142",1,19,210,"5",211
"143",1,19,183,"6",211
"144",1,19,197,"12",211
"145",1,19,195,"7",211
"146",1,19,213,"4",211
"147",1,19,187,"2",211
"148",1,19,194,"14",211
"149",1,19,192,"10",211
"150",1,19,215,"8",211
"151",1,19,190,"3",211
"152",1,19,205,"11",211
"153",1,19,188,"1",211
"154",1,19,187,"9",211
"155",1,2,176,"1",200
"156",1,2,202,"2",200
"157",1,2,216,"4",200
"158",1,2,206,"13",200
"159",1,2,205,"14",200
"160",1,2,223,"3",200
"161",1,2,215,"10",200
"162",1,2,231,"11",200
"163",1,2,204,"7",200
"164",1,2,185,"9",200
"165",1,2,184,"6",200
"166",1,2,216,"5",200
"167",1,2,200,"8",200
"168",1,2,207,"12",200
"169",1,20,138,"9",166
"170",1,20,145,"4",166
"171",1,20,158,"10",166
"172",1,20,151,"12",166
"173",1,20,160,"8",166
"174",1,20,167,"2",166
"175",1,20,171,"11",166
"176",1,20,162,"1",166
"177",1,20,151,"7",166
"178",1,20,150,"13",166
"179",1,20,168,"3",166
"180",1,20,140,"6",166
"181",1,20,146,"5",166
"182",1,20,127,"14",166
"183",1,3,242,"5",252
"184",1,3,258,"6",252
"185",1,3,254,"4",252
"186",1,3,251,"7",252
"187",1,3,233,"8",252
"188",1,3,235,"1",252
"189",1,3,226,"2",252
"190",1,3,250,"14",252
"191",1,3,253,"3",252
"192",1,3,220,"12",252
"193",1,3,244,"13",252
"194",1,3,265,"10",252
"195",1,3,241,"11",252
"196",1,3,298,"9",252
"197",1,4,207,"10",216
"198",1,4,197,"4",216
"199",1,4,233,"3",216
"200",1,4,214,"1",216
"201",1,4,207,"12",216
"202",1,4,214,"13",216
"203",1,4,231,"11",216
"204",1,4,241,"5",216
"205",1,4,229,"9",216
"206",1,4,210,"2",216
"207",1,4,209,"8",216
"208",1,4,197,"7",216
"209",1,4,233,"14",216
"210",1,4,210,"6",216
"211",1,5,218,"1",193
"212",1,5,219,"5",193
"213",1,5,227,"10",193
"214",1,5,211,"4",193
"215",1,5,196,"11",193
"216",1,5,225,"13",193
"217",1,5,208,"2",193
"218",1,5,205,"14",193
"219",1,5,186,"3",193
"220",1,5,224,"12",193
"221",1,5,208,"7",193
"222",1,5,225,"9",193
"223",1,5,193,"6",193
"224",1,5,213,"8",193
"225",1,6,249,"2",260
"226",1,6,246,"1",260
"227",1,6,253,"14",260
"228",1,6,248,"9",260
"229",1,6,259,"7",260
"230",1,6,236,"6",260
"231",1,6,227,"10",260
"232",1,6,243,"13",260
"233",1,6,227,"4",260
"234",1,6,237,"3",260
"235",1,6,258,"8",260
"236",1,6,261,"12",260
"237",1,6,242,"5",260
"238",1,6,233,"11",260
"239",1,7,178,"14",208
"240",1,7,194,"4",208
"241",1,7,224,"5",208
"242",1,7,184,"6",208
"243",1,7,222,"7",208
"244",1,7,200,"1",208
"245",1,7,178,"3",208
"246",1,7,193,"12",208
"247",1,7,214,"13",208
"248",1,7,206,"9",208
"249",1,7,213,"11",208
"250",1,7,203,"8",208
"251",1,7,196,"10",208
"252",1,7,229,"2",208
"253",1,8,199,"8",208
"254",1,8,188,"9",208
"255",1,8,181,"10",208
"256",1,8,219,"2",208
"257",1,8,211,"7",208
"258",1,8,196,"3",208
"259",1,8,209,"11",208
"260",1,8,187,"5",208
"261",1,8,192,"6",208
"262",1,8,206,"13",208
"263",1,8,205,"4",208
"264",1,8,211,"12",208
"265",1,8,218,"1",208
"266",1,8,202,"14",208
"267",1,9,227,"13",234
"268",1,9,225,"6",234
"269",1,9,236,"5",234
"270",1,9,231,"7",234
"271",1,9,240,"8",234
"272",1,9,239,"4",234
"273",1,9,244,"3",234
"274",1,9,228,"12",234
"275",1,9,218,"11",234
"276",1,9,187,"9",234
"277",1,9,232,"10",234
"278",1,9,223,"1",234
"279",1,9,238,"2",234
"280",1,9,246,"14",234
"281",10,1,3,"1",2
"282",10,1,1,"10",2
"283",10,1,1,"9",2
"284",10,1,2,"12",2
"285",10,1,0,"2",2
"286",10,1,0,"8",2
"287",10,1,1,"14",2
"288",10,1,3,"4",2
"289",10,1,2,"13",2
"290",10,1,2,"7",2
"291",10,1,2,"3",2
"292",10,1,1,"5",2
"293",10,1,1,"11",2
"294",10,1,2,"6",2
"295",10,10,2,"4",4
"296",10,10,0,"5",4
"297",10,10,2,"13",4
"298",10,10,2,"7",4
"299",10,10,2,"2",4
"300",10,10,3,"3",4
"301",10,10,3,"6",4
"302",10,10,6,"14",4
"303",10,10,2,"9",4
"304",10,10,5,"11",4
"305",10,10,2,"8",4
"306",10,10,4,"12",4
"307",10,10,4,"1",4
"308",10,10,2,"10",4
"309",10,11,0,"13",0
"310",10,11,2,"9",0
"311",10,11,2,"3",0
"312",10,11,0,"10",0
"313",10,11,0,"8",0
"314",10,11,1,"2",0
"315",10,11,0,"5",0
"316",10,11,2,"4",0
"317",10,11,1,"11",0
"318",10,11,0,"6",0
"319",10,11,0,"1",0
"320",10,11,0,"14",0
"321",10,11,2,"12",0
"322",10,11,2,"7",0
"323",10,12,2,"1",2
"324",10,12,0,"13",2
"325",10,12,3,"14",2
"326",10,12,0,"5",2
"327",10,12,0,"6",2
"328",10,12,3,"4",2
"329",10,12,2,"3",2
"330",10,12,3,"12",2
"331",10,12,1,"11",2
"332",10,12,3,"7",2
"333",10,12,0,"8",2
"334",10,12,2,"10",2
"335",10,12,1,"9",2
"336",10,12,2,"2",2
"337",10,13,2,"1",0
"338",10,13,3,"14",0
"339",10,13,2,"3",0
"340",10,13,2,"11",0
"341",10,13,2,"2",0
"342",10,13,5,"9",0
"343",10,13,1,"10",0
"344",10,13,1,"4",0
"345",10,13,6,"12",0
"346",10,13,6,"8",0
"347",10,13,1,"13",0
"348",10,13,4,"5",0
"349",10,13,2,"6",0
"350",10,13,2,"7",0
"351",10,14,0,"13",3
"352",10,14,1,"5",3
"353",10,14,1,"7",3
"354",10,14,2,"4",3
"355",10,14,2,"6",3
"356",10,14,7,"2",3
"357",10,14,3,"3",3
"358",10,14,5,"12",3
"359",10,14,1,"14",3
"360",10,14,3,"8",3
"361",10,14,3,"9",3
"362",10,14,0,"10",3
"363",10,14,1,"11",3
"364",10,14,0,"1",3
"365",10,15,1,"4",4
"366",10,15,0,"10",4
"367",10,15,0,"3",4
"368",10,15,2,"7",4
"369",10,15,2,"12",4
"370",10,15,1,"11",4
"371",10,15,0,"2",4
"372",10,15,2,"5",4
"373",10,15,0,"9",4
"374",10,15,0,"8",4
"375",10,15,1,"6",4
"376",10,15,1,"1",4
"377",10,15,2,"14",4
"378",10,15,3,"13",4
"379",10,16,1,"7",1
"380",10,16,1,"9",1
"381",10,16,2,"6",1
"382",10,16,3,"8",1
"383",10,16,3,"3",1
"384",10,16,3,"12",1
"385",10,16,1,"1",1
"386",10,16,2,"13",1
"387",10,16,0,"2",1
"388",10,16,3,"4",1
"389",10,16,0,"11",1
"390",10,16,1,"5",1
"391",10,16,0,"10",1
"392",10,16,3,"14",1
"393",10,17,0,"9",1
"394",10,17,1,"1",1
"395",10,17,0,"8",1
"396",10,17,1,"7",1
"397",10,17,3,"13",1
"398",10,17,0,"6",1
"399",10,17,2,"10",1
"400",10,17,0,"4",1
"401",10,17,1,"2",1
"402",10,17,1,"3",1
"403",10,17,5,"14",1
"404",10,17,4,"12",1
"405",10,17,1,"11",1
"406",10,17,2,"5",1
"407",10,18,2,"6",1
"408",10,18,2,"4",1
"409",10,18,1,"5",1
"410",10,18,0,"2",1
"411",10,18,4,"3",1
"412",10,18,0,"12",1
"413",10,18,1,"1",1
"414",10,18,4,"13",1
"415",10,18,2,"14",1
"416",10,18,1,"7",1
"417",10,18,3,"8",1
"418",10,18,1,"11",1
"419",10,18,3,"9",1
"420",10,18,7,"10",1
"421",10,19,1,"3",1
"422",10,19,2,"7",1
"423",10,19,1,"10",1
"424",10,19,1,"9",1
"425",10,19,0,"6",1
"426",10,19,5,"8",1
"427",10,19,6,"4",1
"428",10,19,0,"5",1
"429",10,19,4,"12",1
"430",10,19,2,"1",1
"431",10,19,3,"2",1
"432",10,19,1,"11",1
"433",10,19,4,"13",1
"434",10,19,1,"14",1
"435",10,2,3,"6",5
"436",10,2,4,"14",5
"437",10,2,2,"4",5
"438",10,2,3,"12",5
"439",10,2,5,"7",5
"440",10,2,2,"5",5
"441",10,2,5,"1",5
"442",10,2,6,"13",5
"443",10,2,4,"11",5
"444",10,2,3,"8",5
"445",10,2,0,"3",5
"446",10,2,5,"9",5
"447",10,2,2,"10",5
"448",10,2,4,"2",5
"449",10,20,0,"13",2
"450",10,20,0,"12",2
"451",10,20,0,"11",2
"452",10,20,1,"10",2
"453",10,20,2,"6",2
"454",10,20,1,"1",2
"455",10,20,3,"8",2
"456",10,20,1,"4",2
"457",10,20,1,"7",2
"458",10,20,2,"9",2
"459",10,20,2,"3",2
"460",10,20,0,"2",2
"461",10,20,3,"5",2
"462",10,20,0,"14",2
"463",10,3,1,"4",7
"464",10,3,6,"10",7
"465",10,3,5,"7",7
"466",10,3,3,"9",7
"467",10,3,4,"8",7
"468",10,3,8,"3",7
"469",10,3,4,"11",7
"470",10,3,4,"5",7
"471",10,3,3,"12",7
"472",10,3,3,"1",7
"473",10,3,6,"2",7
"474",10,3,4,"13",7
"475",10,3,8,"6",7
"476",10,3,4,"14",7
"477",10,4,4,"12",2
"478",10,4,5,"8",2
"479",10,4,5,"1",2
"480",10,4,2,"10",2
"481",10,4,3,"6",2
"482",10,4,4,"9",2
"483",10,4,3,"2",2
"484",10,4,4,"3",2
"485",10,4,5,"4",2
"486",10,4,1,"13",2
"487",10,4,3,"5",2
"488",10,4,1,"14",2
"489",10,4,4,"11",2
"490",10,4,2,"7",2
"491",10,5,7,"1",3
"492",10,5,0,"2",3
"493",10,5,3,"14",3
"494",10,5,2,"5",3
"495",10,5,2,"8",3
"496",10,5,5,"7",3
"497",10,5,3,"9",3
"498",10,5,5,"10",3
"499",10,5,3,"13",3
"500",10,5,2,"3",3
"501",10,5,1,"11",3
"502",10,5,5,"4",3
"503",10,5,2,"6",3
"504",10,5,1,"12",3
"505",10,6,3,"4",1
"506",10,6,1,"1",1
"507",10,6,1,"5",1
"508",10,6,5,"2",1
"509",10,6,3,"13",1
"510",10,6,9,"8",1
"511",10,6,3,"14",1
"512",10,6,7,"11",1
"513",10,6,3,"7",1
"514",10,6,4,"12",1
"515",10,6,5,"6",1
"516",10,6,2,"3",1
"517",10,6,4,"9",1
"518",10,6,2,"10",1
"519",10,7,1,"2",1
"520",10,7,2,"8",1
"521",10,7,0,"9",1
"522",10,7,2,"11",1
"523",10,7,5,"14",1
"524",10,7,3,"3",1
"525",10,7,1,"10",1
"526",10,7,3,"7",1
"527",10,7,3,"5",1
"528",10,7,1,"6",1
"529",10,7,3,"13",1
"530",10,7,2,"4",1
"531",10,7,2,"12",1
"532",10,7,6,"1",1
"533",10,8,1,"13",4
"534",10,8,2,"2",4
"535",10,8,6,"4",4
"536",10,8,4,"5",4
"537",10,8,3,"1",4
"538",10,8,7,"12",4
"539",10,8,3,"10",4
"540",10,8,2,"11",4
"541",10,8,6,"14",4
"542",10,8,5,"8",4
"543",10,8,7,"6",4
"544",10,8,2,"7",4
"545",10,8,1,"3",4
"546",10,8,1,"9",4
"547",10,9,7,"1",3
"548",10,9,7,"9",3
"549",10,9,2,"2",3
"550",10,9,3,"8",3
"551",10,9,1,"11",3
"552",10,9,4,"13",3
"553",10,9,7,"3",3
"554",10,9,2,"14",3
"555",10,9,0,"10",3
"556",10,9,2,"12",3
"557",10,9,1,"4",3
"558",10,9,4,"7",3
"559",10,9,2,"5",3
"560",10,9,3,"6",3
"561",2,1,21,"1",26
"562",2,1,24,"7",26
"563",2,1,33,"6",26
"564",2,1,30,"5",26
"565",2,1,28,"12",26
"566",2,1,27,"11",26
"567",2,1,36,"3",26
"568",2,1,31,"10",26
"569",2,1,33,"8",26
"570",2,1,25,"9",26
"571",2,1,30,"13",26
"572",2,1,39,"2",26
"573",2,1,39,"4",26
"574",2,1,24,"14",26
"575",2,10,178,"14",171
"576",2,10,139,"4",171
"577",2,10,144,"10",171
"578",2,10,152,"1",171
"579",2,10,170,"13",171
"580",2,10,158,"9",171
"581",2,10,149,"2",171
"582",2,10,182,"5",171
"583",2,10,168,"12",171
"584",2,10,182,"11",171
"585",2,10,174,"8",171
"586",2,10,174,"7",171
"587",2,10,163,"3",171
"588",2,10,162,"6",171
"589",2,11,35,"7",50
"590",2,11,38,"5",50
"591",2,11,47,"14",50
"592",2,11,42,"12",50
"593",2,11,56,"4",50
"594",2,11,57,"6",50
"595",2,11,49,"1",50
"596",2,11,42,"9",50
"597",2,11,49,"10",50
"598",2,11,35,"13",50
"599",2,11,52,"8",50
"600",2,11,48,"3",50
"601",2,11,56,"2",50
"602",2,11,65,"11",50
"603",2,12,52,"12",58
"604",2,12,67,"10",58
"605",2,12,57,"9",58
"606",2,12,44,"3",58
"607",2,12,58,"4",58
"608",2,12,63,"1",58
"609",2,12,48,"5",58
"610",2,12,54,"13",58
"611",2,12,64,"6",58
"612",2,12,56,"8",58
"613",2,12,55,"7",58
"614",2,12,67,"2",58
"615",2,12,47,"11",58
"616",2,12,48,"14",58
"617",2,13,130,"6",165
"618",2,13,162,"4",165
"619",2,13,162,"5",165
"620",2,13,163,"12",165
"621",2,13,171,"14",165
"622",2,13,165,"9",165
"623",2,13,158,"11",165
"624",2,13,157,"7",165
"625",2,13,162,"1",165
"626",2,13,159,"3",165
"627",2,13,168,"13",165
"628",2,13,164,"10",165
"629",2,13,167,"2",165
"630",2,13,163,"8",165
"631",2,14,71,"11",77
"632",2,14,88,"10",77
"633",2,14,78,"3",77
"634",2,14,60,"9",77
"635",2,14,70,"1",77
"636",2,14,92,"4",77
"637",2,14,75,"5",77
"638",2,14,60,"14",77
"639",2,14,80,"2",77
"640",2,14,90,"8",77
"641",2,14,74,"12",77
"642",2,14,70,"6",77
"643",2,14,72,"13",77
"644",2,14,81,"7",77
"645",2,15,73,"13",66
"646",2,15,67,"5",66
"647",2,15,66,"4",66
"648",2,15,53,"7",66
"649",2,15,75,"8",66
"650",2,15,76,"14",66
"651",2,15,68,"6",66
"652",2,15,72,"9",66
"653",2,15,48,"12",66
"654",2,15,68,"3",66
"655",2,15,97,"10",66
"656",2,15,61,"1",66
"657",2,15,66,"11",66
"658",2,15,76,"2",66
"659",2,16,105,"5",93
"660",2,16,96,"10",93
"661",2,16,94,"4",93
"662",2,16,88,"12",93
"663",2,16,70,"9",93
"664",2,16,79,"11",93
"665",2,16,86,"1",93
"666",2,16,90,"6",93
"667",2,16,67,"2",93
"668",2,16,89,"3",93
"669",2,16,71,"7",93
"670",2,16,87,"8",93
"671",2,16,86,"13",93
"672",2,16,81,"14",93
"673",2,17,90,"1",67
"674",2,17,65,"5",67
"675",2,17,76,"10",67
"676",2,17,67,"14",67
"677",2,17,66,"7",67
"678",2,17,75,"9",67
"679",2,17,76,"4",67
"680",2,17,80,"11",67
"681",2,17,77,"13",67
"682",2,17,85,"8",67
"683",2,17,69,"2",67
"684",2,17,76,"3",67
"685",2,17,75,"12",67
"686",2,17,73,"6",67
"687",2,18,117,"10",115
"688",2,18,136,"13",115
"689",2,18,107,"1",115
"690",2,18,120,"2",115
"691",2,18,114,"3",115
"692",2,18,127,"11",115
"693",2,18,117,"8",115
"694",2,18,113,"4",115
"695",2,18,115,"9",115
"696",2,18,104,"7",115
"697",2,18,139,"14",115
"698",2,18,140,"5",115
"699",2,18,122,"6",115
"700",2,18,124,"12",115
"701",2,19,84,"13",73
"702",2,19,72,"6",73
"703",2,19,64,"14",73
"704",2,19,68,"11",73
"705",2,19,89,"5",73
"706",2,19,67,"4",73
"707",2,19,71,"2",73
"708",2,19,82,"3",73
"709",2,19,63,"1",73
"710",2,19,67,"7",73
"711",2,19,87,"8",73
"712",2,19,67,"9",73
"713",2,19,74,"12",73
"714",2,19,75,"10",73
"715",2,2,131,"2",137
"716",2,2,139,"3",137
"717",2,2,126,"1",137
"718",2,2,152,"11",137
"719",2,2,103,"9",137
"720",2,2,138,"10",137
"721",2,2,154,"4",137
"722",2,2,139,"8",137
"723",2,2,136,"12",137
"724",2,2,126,"5",137
"725",2,2,136,"14",137
"726",2,2,142,"6",137
"727",2,2,124,"7",137
"728",2,2,157,"13",137
"729",2,20,59,"10",53
"730",2,20,65,"11",53
"731",2,20,58,"4",53
"732",2,20,59,"1",53
"733",2,20,71,"8",53
"734",2,20,56,"2",53
"735",2,20,66,"12",53
"736",2,20,40,"9",53
"737",2,20,49,"3",53
"738",2,20,61,"13",53
"739",2,20,46,"7",53
"740",2,20,45,"5",53
"741",2,20,54,"14",53
"742",2,20,59,"6",53
"743",2,3,183,"8",200
"744",2,3,201,"3",200
"745",2,3,175,"14",200
"746",2,3,180,"6",200
"747",2,3,198,"10",200
"748",2,3,195,"4",200
"749",2,3,197,"5",200
"750",2,3,197,"7",200
"751",2,3,207,"12",200
"752",2,3,201,"2",200
"753",2,3,184,"1",200
"754",2,3,209,"11",200
"755",2,3,192,"13",200
"756",2,3,187,"9",200
"757",2,4,137,"10",122
"758",2,4,149,"12",122
"759",2,4,139,"4",122
"760",2,4,126,"11",122
"761",2,4,147,"9",122
"762",2,4,132,"13",122
"763",2,4,129,"5",122
"764",2,4,135,"6",122
"765",2,4,146,"14",122
"766",2,4,140,"1",122
"767",2,4,138,"3",122
"768",2,4,126,"7",122
"769",2,4,111,"2",122
"770",2,4,124,"8",122
"771",2,5,151,"4",141
"772",2,5,166,"11",141
"773",2,5,144,"7",141
"774",2,5,147,"3",141
"775",2,5,166,"12",141
"776",2,5,156,"1",141
"777",2,5,142,"8",141
"778",2,5,149,"5",141
"779",2,5,151,"10",141
"780",2,5,181,"13",141
"781",2,5,148,"14",141
"782",2,5,147,"9",141
"783",2,5,147,"6",141
"784",2,5,170,"2",141
"785",2,6,122,"1",134
"786",2,6,151,"13",134
"787",2,6,140,"2",134
"788",2,6,124,"9",134
"789",2,6,128,"4",134
"790",2,6,122,"7",134
"791",2,6,128,"11",134
"792",2,6,121,"14",134
"793",2,6,129,"12",134
"794",2,6,125,"10",134
"795",2,6,126,"3",134
"796",2,6,149,"5",134
"797",2,6,137,"6",134
"798",2,6,146,"8",134
"799",2,7,84,"6",94
"800",2,7,110,"3",94
"801",2,7,102,"1",94
"802",2,7,100,"4",94
"803",2,7,116,"5",94
"804",2,7,92,"8",94
"805",2,7,103,"12",94
"806",2,7,97,"14",94
"807",2,7,87,"13",94
"808",2,7,94,"11",94
"809",2,7,84,"9",94
"810",2,7,89,"7",94
"811",2,7,93,"2",94
"812",2,7,101,"10",94
"813",2,8,137,"9",156
"814",2,8,140,"4",156
"815",2,8,142,"10",156
"816",2,8,161,"11",156
"817",2,8,149,"5",156
"818",2,8,148,"3",156
"819",2,8,139,"12",156
"820",2,8,142,"2",156
"821",2,8,150,"6",156
"822",2,8,163,"13",156
"823",2,8,188,"8",156
"824",2,8,158,"1",156
"825",2,8,140,"7",156
"826",2,8,164,"14",156
"827",2,9,138,"4",129
"828",2,9,119,"13",129
"829",2,9,130,"9",129
"830",2,9,131,"5",129
"831",2,9,119,"1",129
"832",2,9,128,"3",129
"833",2,9,135,"7",129
"834",2,9,130,"2",129
"835",2,9,123,"11",129
"836",2,9,129,"14",129
"837",2,9,109,"12",129
"838",2,9,134,"6",129
"839",2,9,133,"10",129
"840",2,9,112,"8",129
"841",3,1,36,"11",25
"842",3,1,23,"5",25
"843",3,1,19,"1",25
"844",3,1,25,"9",25
"845",3,1,16,"14",25
"846",3,1,22,"8",25
"847",3,1,16,"12",25
"848",3,1,22,"13",25
"849",3,1,22,"7",25
"850",3,1,24,"6",25
"851",3,1,33,"3",25
"852",3,1,20,"10",25
"853",3,1,27,"4",25
"854",3,1,25,"2",25
"855",3,10,58,"2",58
"856",3,10,60,"11",58
"857",3,10,62,"3",58
"858",3,10,50,"10",58
"859",3,10,71,"6",58
"860",3,10,72,"1",58
"861",3,10,48,"12",58
"862",3,10,46,"5",58
"863",3,10,62,"4",58
"864",3,10,66,"8",58
"865",3,10,60,"14",58
"866",3,10,65,"9",58
"867",3,10,56,"13",58
"868",3,10,67,"7",58
"869",3,11,17,"14",18
"870",3,11,18,"4",18
"871",3,11,19,"7",18
"872",3,11,17,"9",18
"873",3,11,16,"5",18
"874",3,11,22,"1",18
"875",3,11,19,"8",18
"876",3,11,21,"13",18
"877",3,11,19,"6",18
"878",3,11,21,"3",18
"879",3,11,13,"10",18
"880",3,11,14,"2",18
"881",3,11,19,"11",18
"882",3,11,15,"12",18
"883",3,12,29,"4",36
"884",3,12,22,"6",36
"885",3,12,41,"3",36
"886",3,12,37,"11",36
"887",3,12,29,"8",36
"888",3,12,28,"9",36
"889",3,12,30,"13",36
"890",3,12,34,"12",36
"891",3,12,31,"5",36
"892",3,12,31,"1",36
"893",3,12,24,"10",36
"894",3,12,31,"7",36
"895",3,12,24,"14",36
"896",3,12,25,"2",36
"897",3,13,47,"5",43
"898",3,13,57,"11",43
"899",3,13,61,"9",43
"900",3,13,49,"12",43
"901",3,13,49,"1",43
"902",3,13,59,"13",43
"903",3,13,69,"7",43
"904",3,13,52,"6",43
"905",3,13,54,"8",43
"906",3,13,56,"14",43
"907",3,13,52,"3",43
"908",3,13,61,"10",43
"909",3,13,72,"4",43
"910",3,13,69,"2",43
"911",3,14,40,"1",30
"912",3,14,37,"4",30
"913",3,14,42,"3",30
"914",3,14,26,"2",30
"915",3,14,39,"11",30
"916",3,14,35,"5",30
"917",3,14,38,"9",30
"918",3,14,28,"14",30
"919",3,14,47,"13",30
"920",3,14,22,"12",30
"921",3,14,35,"6",30
"922",3,14,53,"10",30
"923",3,14,31,"8",30
"924",3,14,39,"7",30
"925",3,15,25,"7",34
"926",3,15,26,"4",34
"927",3,15,27,"12",34
"928",3,15,36,"8",34
"929",3,15,29,"1",34
"930",3,15,26,"9",34
"931",3,15,26,"6",34
"932",3,15,26,"3",34
"933",3,15,49,"5",34
"934",3,15,30,"13",34
"935",3,15,37,"11",34
"936",3,15,26,"14",34
"937",3,15,33,"2",34
"938",3,15,31,"10",34
"939",3,16,42,"4",38
"940",3,16,28,"10",38
"941",3,16,38,"6",38
"942",3,16,36,"9",38
"943",3,16,36,"5",38
"944",3,16,43,"11",38
"945",3,16,39,"1",38
"946",3,16,43,"12",38
"947",3,16,37,"3",38
"948",3,16,34,"7",38
"949",3,16,36,"8",38
"950",3,16,35,"13",38
"951",3,16,46,"14",38
"952",3,16,43,"2",38
"953",3,17,35,"7",29
"954",3,17,33,"4",29
"955",3,17,46,"11",29
"956",3,17,38,"5",29
"957",3,17,37,"6",29
"958",3,17,30,"1",29
"959",3,17,38,"9",29
"960",3,17,28,"3",29
"961",3,17,27,"10",29
"962",3,17,28,"8",29
"963",3,17,41,"2",29
"964",3,17,38,"12",29
"965",3,17,30,"13",29
"966",3,17,40,"14",29
"967",3,18,58,"1",41
"968",3,18,43,"2",41
"969",3,18,59,"10",41
"970",3,18,49,"4",41
"971",3,18,39,"7",41
"972",3,18,51,"11",41
"973",3,18,56,"14",41
"974",3,18,52,"9",41
"975",3,18,54,"6",41
"976",3,18,57,"3",41
"977",3,18,41,"5",41
"978",3,18,57,"12",41
"979",3,18,37,"8",41
"980",3,18,63,"13",41
"981",3,19,40,"5",47
"982",3,19,47,"13",47
"983",3,19,36,"1",47
"984",3,19,47,"4",47
"985",3,19,43,"6",47
"986",3,19,42,"12",47
"987",3,19,38,"7",47
"988",3,19,55,"2",47
"989",3,19,42,"10",47
"990",3,19,32,"9",47
"991",3,19,39,"8",47
"992",3,19,38,"14",47
"993",3,19,42,"11",47
"994",3,19,56,"3",47
"995",3,2,53,"11",53
"996",3,2,76,"9",53
"997",3,2,57,"2",53
"998",3,2,66,"3",53
"999",3,2,55,"4",53
"1000",3,2,37,"10",53
"1001",3,2,62,"14",53
"1002",3,2,78,"8",53
"1003",3,2,55,"1",53
"1004",3,2,44,"5",53
"1005",3,2,53,"12",53
"1006",3,2,63,"6",53
"1007",3,2,59,"7",53
"1008",3,2,66,"13",53
"1009",3,20,23,"10",33
"1010",3,20,30,"4",33
"1011",3,20,39,"11",33
"1012",3,20,30,"8",33
"1013",3,20,44,"3",33
"1014",3,20,31,"12",33
"1015",3,20,41,"9",33
"1016",3,20,33,"1",33
"1017",3,20,45,"2",33
"1018",3,20,33,"13",33
"1019",3,20,21,"7",33
"1020",3,20,29,"5",33
"1021",3,20,28,"6",33
"1022",3,20,29,"14",33
"1023",3,3,94,"6",79
"1024",3,3,68,"7",79
"1025",3,3,83,"14",79
"1026",3,3,66,"1",79
"1027",3,3,68,"4",79
"1028",3,3,51,"5",79
"1029",3,3,62,"9",79
"1030",3,3,69,"2",79
"1031",3,3,64,"8",79
"1032",3,3,73,"13",79
"1033",3,3,71,"10",79
"1034",3,3,64,"12",79
"1035",3,3,75,"11",79
"1036",3,3,96,"3",79
"1037",3,4,73,"11",60
"1038",3,4,70,"9",60
"1039",3,4,49,"3",60
"1040",3,4,51,"10",60
"1041",3,4,61,"6",60
"1042",3,4,58,"7",60
"1043",3,4,63,"1",60
"1044",3,4,57,"4",60
"1045",3,4,52,"5",60
"1046",3,4,52,"13",60
"1047",3,4,55,"2",60
"1048",3,4,54,"12",60
"1049",3,4,63,"8",60
"1050",3,4,47,"14",60
"1051",3,5,64,"5",61
"1052",3,5,69,"1",61
"1053",3,5,54,"9",61
"1054",3,5,57,"8",61
"1055",3,5,79,"6",61
"1056",3,5,66,"13",61
"1057",3,5,77,"7",61
"1058",3,5,73,"12",61
"1059",3,5,57,"4",61
"1060",3,5,66,"14",61
"1061",3,5,67,"11",61
"1062",3,5,67,"10",61
"1063",3,5,54,"3",61
"1064",3,5,84,"2",61
"1065",3,6,66,"2",52
"1066",3,6,53,"10",52
"1067",3,6,73,"9",52
"1068",3,6,44,"4",52
"1069",3,6,48,"1",52
"1070",3,6,53,"11",52
"1071",3,6,62,"13",52
"1072",3,6,56,"5",52
"1073",3,6,67,"8",52
"1074",3,6,43,"3",52
"1075",3,6,57,"7",52
"1076",3,6,67,"12",52
"1077",3,6,66,"14",52
"1078",3,6,45,"6",52
"1079",3,7,41,"1",39
"1080",3,7,40,"6",39
"1081",3,7,33,"4",39
"1082",3,7,47,"5",39
"1083",3,7,36,"8",39
"1084",3,7,40,"9",39
"1085",3,7,39,"13",39
"1086",3,7,38,"7",39
"1087",3,7,36,"2",39
"1088",3,7,53,"10",39
"1089",3,7,38,"11",39
"1090",3,7,44,"14",39
"1091",3,7,51,"3",39
"1092",3,7,53,"12",39
"1093",3,8,67,"11",100
"1094",3,8,83,"1",100
"1095",3,8,78,"6",100
"1096",3,8,80,"5",100
"1097",3,8,69,"14",100
"1098",3,8,86,"4",100
"1099",3,8,73,"10",100
"1100",3,8,71,"12",100
"1101",3,8,75,"7",100
"1102",3,8,65,"13",100
"1103",3,8,74,"8",100
"1104",3,8,78,"2",100
"1105",3,8,80,"9",100
"1106",3,8,66,"3",100
"1107",3,9,69,"2",63
"1108",3,9,74,"11",63
"1109",3,9,76,"6",63
"1110",3,9,48,"13",63
"1111",3,9,67,"1",63
"1112",3,9,54,"5",63
"1113",3,9,75,"4",63
"1114",3,9,54,"12",63
"1115",3,9,55,"14",63
"1116",3,9,71,"10",63
"1117",3,9,63,"8",63
"1118",3,9,48,"9",63
"1119",3,9,74,"7",63
"1120",3,9,57,"3",63
"1121",4,1,15,"6",8
"1122",4,1,8,"8",8
"1123",4,1,14,"13",8
"1124",4,1,13,"7",8
"1125",4,1,12,"1",8
"1126",4,1,9,"2",8
"1127",4,1,8,"11",8
"1128",4,1,13,"5",8
"1129",4,1,11,"12",8
"1130",4,1,5,"10",8
"1131",4,1,5,"9",8
"1132",4,1,10,"3",8
"1133",4,1,8,"14",8
"1134",4,1,14,"4",8
"1135",4,10,54,"11",51
"1136",4,10,42,"2",51
"1137",4,10,56,"5",51
"1138",4,10,49,"12",51
"1139",4,10,57,"10",51
"1140",4,10,37,"1",51
"1141",4,10,46,"8",51
"1142",4,10,30,"6",51
"1143",4,10,52,"3",51
"1144",4,10,51,"4",51
"1145",4,10,50,"9",51
"1146",4,10,53,"13",51
"1147",4,10,59,"14",51
"1148",4,10,39,"7",51
"1149",4,11,6,"1",3
"1150",4,11,10,"6",3
"1151",4,11,7,"8",3
"1152",4,11,8,"5",3
"1153",4,11,3,"14",3
"1154",4,11,4,"4",3
"1155",4,11,3,"7",3
"1156",4,11,12,"10",3
"1157",4,11,4,"11",3
"1158",4,11,9,"9",3
"1159",4,11,11,"2",3
"1160",4,11,2,"12",3
"1161",4,11,3,"13",3
"1162",4,11,3,"3",3
"1163",4,12,23,"11",23
"1164",4,12,11,"5",23
"1165",4,12,27,"3",23
"1166",4,12,17,"10",23
"1167",4,12,18,"9",23
"1168",4,12,19,"6",23
"1169",4,12,21,"13",23
"1170",4,12,20,"12",23
"1171",4,12,8,"2",23
"1172",4,12,18,"7",23
"1173",4,12,27,"4",23
"1174",4,12,21,"14",23
"1175",4,12,21,"1",23
"1176",4,12,18,"8",23
"1177",4,13,44,"5",44
"1178",4,13,35,"9",44
"1179",4,13,41,"6",44
"1180",4,13,40,"12",44
"1181",4,13,31,"8",44
"1182",4,13,47,"1",44
"1183",4,13,54,"13",44
"1184",4,13,28,"7",44
"1185",4,13,48,"3",44
"1186",4,13,42,"2",44
"1187",4,13,40,"10",44
"1188",4,13,35,"11",44
"1189",4,13,33,"4",44
"1190",4,13,41,"14",44
"1191",4,14,12,"2",20
"1192",4,14,29,"4",20
"1193",4,14,30,"10",20
"1194",4,14,14,"11",20
"1195",4,14,25,"12",20
"1196",4,14,29,"3",20
"1197",4,14,24,"1",20
"1198",4,14,18,"8",20
"1199",4,14,37,"9",20
"1200",4,14,20,"5",20
"1201",4,14,17,"14",20
"1202",4,14,25,"6",20
"1203",4,14,21,"7",20
"1204",4,14,18,"13",20
"1205",4,15,27,"6",21
"1206",4,15,23,"1",21
"1207",4,15,17,"5",21
"1208",4,15,22,"3",21
"1209",4,15,30,"8",21
"1210",4,15,20,"4",21
"1211",4,15,20,"2",21
"1212",4,15,17,"7",21
"1213",4,15,18,"10",21
"1214",4,15,23,"14",21
"1215",4,15,24,"12",21
"1216",4,15,11,"9",21
"1217",4,15,24,"11",21
"1218",4,15,21,"13",21
"1219",4,16,27,"3",28
"1220",4,16,26,"4",28
"1221",4,16,18,"13",28
"1222",4,16,23,"6",28
"1223",4,16,32,"12",28
"1224",4,16,19,"11",28
"1225",4,16,23,"5",28
"1226",4,16,28,"10",28
"1227",4,16,34,"9",28
"1228",4,16,20,"7",28
"1229",4,16,27,"14",28
"1230",4,16,25,"8",28
"1231",4,16,21,"2",28
"1232",4,16,19,"1",28
"1233",4,17,13,"11",23
"1234",4,17,22,"9",23
"1235",4,17,16,"5",23
"1236",4,17,22,"12",23
"1237",4,17,25,"13",23
"1238",4,17,27,"1",23
"1239",4,17,22,"3",23
"1240",4,17,24,"4",23
"1241",4,17,31,"6",23
"1242",4,17,19,"8",23
"1243",4,17,32,"7",23
"1244",4,17,21,"10",23
"1245",4,17,29,"14",23
"1246",4,17,19,"2",23
"1247",4,18,27,"11",23
"1248",4,18,37,"2",23
"1249",4,18,33,"9",23
"1250",4,18,43,"1",23
"1251",4,18,31,"13",23
"1252",4,18,32,"3",23
"1253",4,18,30,"4",23
"1254",4,18,34,"10",23
"1255",4,18,24,"6",23
"1256",4,18,36,"14",23
"1257",4,18,37,"8",23
"1258",4,18,28,"5",23
"1259",4,18,36,"12",23
"1260",4,18,23,"7",23
"1261",4,19,24,"1",35
"1262",4,19,24,"7",35
"1263",4,19,29,"5",35
"1264",4,19,32,"14",35
"1265",4,19,24,"13",35
"1266",4,19,30,"8",35
"1267",4,19,30,"6",35
"1268",4,19,35,"4",35
"1269",4,19,28,"12",35
"1270",4,19,29,"9",35
"1271",4,19,26,"2",35
"1272",4,19,28,"10",35
"1273",4,19,32,"3",35
"1274",4,19,29,"11",35
"1275",4,2,52,"3",41
"1276",4,2,28,"4",41
"1277",4,2,43,"2",41
"1278",4,2,40,"5",41
"1279",4,2,36,"1",41
"1280",4,2,30,"12",41
"1281",4,2,41,"11",41
"1282",4,2,32,"13",41
"1283",4,2,34,"6",41
"1284",4,2,42,"10",41
"1285",4,2,42,"14",41
"1286",4,2,40,"9",41
"1287",4,2,34,"7",41
"1288",4,2,40,"8",41
"1289",4,20,24,"11",25
"1290",4,20,17,"6",25
"1291",4,20,24,"12",25
"1292",4,20,24,"5",25
"1293",4,20,19,"9",25
"1294",4,20,24,"10",25
"1295",4,20,14,"4",25
"1296",4,20,21,"2",25
"1297",4,20,21,"13",25
"1298",4,20,11,"7",25
"1299",4,20,20,"8",25
"1300",4,20,14,"14",25
"1301",4,20,27,"3",25
"1302",4,20,24,"1",25
"1303",4,3,50,"2",51
"1304",4,3,58,"1",51
"1305",4,3,52,"14",51
"1306",4,3,54,"5",51
"1307",4,3,48,"8",51
"1308",4,3,64,"13",51
"1309",4,3,51,"9",51
"1310",4,3,61,"11",51
"1311",4,3,39,"4",51
"1312",4,3,49,"7",51
"1313",4,3,58,"3",51
"1314",4,3,40,"6",51
"1315",4,3,47,"12",51
"1316",4,3,50,"10",51
"1317",4,4,32,"10",29
"1318",4,4,29,"5",29
"1319",4,4,33,"1",29
"1320",4,4,43,"12",29
"1321",4,4,38,"9",29
"1322",4,4,41,"7",29
"1323",4,4,36,"4",29
"1324",4,4,34,"11",29
"1325",4,4,49,"6",29
"1326",4,4,44,"13",29
"1327",4,4,32,"2",29
"1328",4,4,32,"14",29
"1329",4,4,32,"8",29
"1330",4,4,29,"3",29
"1331",4,5,47,"8",67
"1332",4,5,54,"13",67
"1333",4,5,61,"12",67
"1334",4,5,64,"6",67
"1335",4,5,63,"7",67
"1336",4,5,51,"5",67
"1337",4,5,61,"1",67
"1338",4,5,69,"10",67
"1339",4,5,63,"4",67
"1340",4,5,58,"14",67
"1341",4,5,57,"3",67
"1342",4,5,50,"2",67
"1343",4,5,65,"11",67
"1344",4,5,54,"9",67
"1345",4,6,56,"2",45
"1346",4,6,35,"4",45
"1347",4,6,44,"3",45
"1348",4,6,55,"10",45
"1349",4,6,52,"14",45
"1350",4,6,44,"1",45
"1351",4,6,48,"9",45
"1352",4,6,35,"5",45
"1353",4,6,40,"12",45
"1354",4,6,36,"13",45
"1355",4,6,33,"11",45
"1356",4,6,59,"8",45
"1357",4,6,37,"6",45
"1358",4,6,21,"7",45
"1359",4,7,32,"6",17
"1360",4,7,23,"1",17
"1361",4,7,28,"14",17
"1362",4,7,27,"7",17
"1363",4,7,16,"8",17
"1364",4,7,24,"9",17
"1365",4,7,32,"5",17
"1366",4,7,22,"4",17
"1367",4,7,33,"2",17
"1368",4,7,24,"13",17
"1369",4,7,22,"11",17
"1370",4,7,22,"3",17
"1371",4,7,35,"10",17
"1372",4,7,26,"12",17
"1373",4,8,31,"11",39
"1374",4,8,42,"5",39
"1375",4,8,33,"12",39
"1376",4,8,39,"7",39
"1377",4,8,55,"1",39
"1378",4,8,41,"4",39
"1379",4,8,58,"10",39
"1380",4,8,42,"6",39
"1381",4,8,52,"14",39
"1382",4,8,29,"13",39
"1383",4,8,40,"8",39
"1384",4,8,36,"2",39
"1385",4,8,39,"3",39
"1386",4,8,41,"9",39
"1387",4,9,32,"7",34
"1388",4,9,47,"1",34
"1389",4,9,44,"8",34
"1390",4,9,19,"12",34
"1391",4,9,33,"10",34
"1392",4,9,31,"11",34
"1393",4,9,48,"5",34
"1394",4,9,35,"2",34
"1395",4,9,38,"4",34
"1396",4,9,44,"13",34
"1397",4,9,40,"6",34
"1398",4,9,31,"3",34
"1399",4,9,37,"9",34
"1400",4,9,35,"14",34
"1401",5,1,152,"6",144
"1402",5,1,136,"12",144
"1403",5,1,148,"9",144
"1404",5,1,124,"3",144
"1405",5,1,137,"1",144
"1406",5,1,142,"14",144
"1407",5,1,126,"8",144
"1408",5,1,144,"13",144
"1409",5,1,143,"2",144
"1410",5,1,138,"5",144
"1411",5,1,119,"10",144
"1412",5,1,121,"7",144
"1413",5,1,142,"11",144
"1414",5,1,147,"4",144
"1415",5,10,247,"3",254
"1416",5,10,276,"4",254
"1417",5,10,289,"2",254
"1418",5,10,255,"11",254
"1419",5,10,287,"1",254
"1420",5,10,269,"10",254
"1421",5,10,250,"5",254
"1422",5,10,283,"6",254
"1423",5,10,251,"13",254
"1424",5,10,249,"7",254
"1425",5,10,300,"12",254
"1426",5,10,317,"9",254
"1427",5,10,258,"8",254
"1428",5,10,273,"14",254
"1429",5,11,80,"5",71
"1430",5,11,58,"1",71
"1431",5,11,75,"7",71
"1432",5,11,80,"9",71
"1433",5,11,66,"6",71
"1434",5,11,82,"8",71
"1435",5,11,81,"2",71
"1436",5,11,93,"14",71
"1437",5,11,73,"12",71
"1438",5,11,87,"4",71
"1439",5,11,88,"13",71
"1440",5,11,74,"10",71
"1441",5,11,81,"3",71
"1442",5,11,89,"11",71
"1443",5,12,147,"11",144
"1444",5,12,171,"1",144
"1445",5,12,149,"5",144
"1446",5,12,139,"12",144
"1447",5,12,152,"2",144
"1448",5,12,139,"4",144
"1449",5,12,135,"7",144
"1450",5,12,143,"13",144
"1451",5,12,156,"3",144
"1452",5,12,155,"6",144
"1453",5,12,148,"10",144
"1454",5,12,137,"9",144
"1455",5,12,135,"8",144
"1456",5,12,149,"14",144
"1457",5,13,309,"6",327
"1458",5,13,337,"5",327
"1459",5,13,323,"11",327
"1460",5,13,341,"12",327
"1461",5,13,318,"2",327
"1462",5,13,345,"1",327
"1463",5,13,348,"14",327
"1464",5,13,348,"7",327
"1465",5,13,302,"3",327
"1466",5,13,322,"4",327
"1467",5,13,309,"13",327
"1468",5,13,327,"9",327
"1469",5,13,323,"8",327
"1470",5,13,321,"10",327
"1471",5,14,191,"2",184
"1472",5,14,183,"11",184
"1473",5,14,183,"3",184
"1474",5,14,205,"12",184
"1475",5,14,182,"9",184
"1476",5,14,170,"1",184
"1477",5,14,198,"14",184
"1478",5,14,211,"10",184
"1479",5,14,174,"4",184
"1480",5,14,192,"5",184
"1481",5,14,187,"8",184
"1482",5,14,195,"6",184
"1483",5,14,185,"7",184
"1484",5,14,193,"13",184
"1485",5,15,141,"8",142
"1486",5,15,136,"14",142
"1487",5,15,162,"7",142
"1488",5,15,152,"2",142
"1489",5,15,169,"1",142
"1490",5,15,151,"12",142
"1491",5,15,146,"9",142
"1492",5,15,141,"6",142
"1493",5,15,137,"4",142
"1494",5,15,162,"10",142
"1495",5,15,148,"5",142
"1496",5,15,158,"13",142
"1497",5,15,162,"11",142
"1498",5,15,131,"3",142
"1499",5,16,198,"6",181
"1500",5,16,185,"10",181
"1501",5,16,162,"4",181
"1502",5,16,200,"12",181
"1503",5,16,196,"11",181
"1504",5,16,184,"5",181
"1505",5,16,179,"1",181
"1506",5,16,201,"13",181
"1507",5,16,178,"14",181
"1508",5,16,164,"2",181
"1509",5,16,174,"3",181
"1510",5,16,175,"8",181
"1511",5,16,181,"9",181
"1512",5,16,170,"7",181
"1513",5,17,231,"1",217
"1514",5,17,238,"11",217
"1515",5,17,231,"14",217
"1516",5,17,220,"13",217
"1517",5,17,219,"7",217
"1518",5,17,224,"2",217
"1519",5,17,238,"12",217
"1520",5,17,238,"6",217
"1521",5,17,237,"8",217
"1522",5,17,231,"5",217
"1523",5,17,217,"4",217
"1524",5,17,221,"10",217
"1525",5,17,233,"9",217
"1526",5,17,202,"3",217
"1527",5,18,284,"1",280
"1528",5,18,310,"11",280
"1529",5,18,304,"3",280
"1530",5,18,297,"4",280
"1531",5,18,279,"2",280
"1532",5,18,310,"6",280
"1533",5,18,320,"7",280
"1534",5,18,274,"10",280
"1535",5,18,297,"9",280
"1536",5,18,274,"14",280
"1537",5,18,276,"13",280
"1538",5,18,332,"5",280
"1539",5,18,302,"12",280
"1540",5,18,291,"8",280
"1541",5,19,170,"8",197
"1542",5,19,191,"7",197
"1543",5,19,196,"9",197
"1544",5,19,179,"5",197
"1545",5,19,193,"6",197
"1546",5,19,199,"1",197
"1547",5,19,192,"12",197
"1548",5,19,207,"14",197
"1549",5,19,199,"4",197
"1550",5,19,201,"13",197
"1551",5,19,195,"2",197
"1552",5,19,189,"10",197
"1553",5,19,210,"11",197
"1554",5,19,202,"3",197
"1555",5,2,253,"12",248
"1556",5,2,273,"4",248
"1557",5,2,249,"13",248
"1558",5,2,255,"1",248
"1559",5,2,256,"3",248
"1560",5,2,281,"5",248
"1561",5,2,264,"9",248
"1562",5,2,261,"10",248
"1563",5,2,233,"2",248
"1564",5,2,258,"11",248
"1565",5,2,242,"6",248
"1566",5,2,255,"7",248
"1567",5,2,252,"8",248
"1568",5,2,281,"14",248
"1569",5,20,142,"5",167
"1570",5,20,156,"12",167
"1571",5,20,145,"11",167
"1572",5,20,159,"6",167
"1573",5,20,164,"2",167
"1574",5,20,165,"10",167
"1575",5,20,172,"4",167
"1576",5,20,168,"13",167
"1577",5,20,170,"8",167
"1578",5,20,152,"3",167
"1579",5,20,173,"1",167
"1580",5,20,159,"14",167
"1581",5,20,176,"9",167
"1582",5,20,170,"7",167
"1583",5,3,418,"2",407
"1584",5,3,401,"1",407
"1585",5,3,393,"7",407
"1586",5,3,434,"10",407
"1587",5,3,407,"4",407
"1588",5,3,383,"6",407
"1589",5,3,394,"3",407
"1590",5,3,390,"11",407
"1591",5,3,419,"8",407
"1592",5,3,386,"9",407
"1593",5,3,407,"12",407
"1594",5,3,393,"14",407
"1595",5,3,382,"5",407
"1596",5,3,416,"13",407
"1597",5,4,348,"10",340
"1598",5,4,341,"12",340
"1599",5,4,341,"1",340
"1600",5,4,354,"4",340
"1601",5,4,351,"6",340
"1602",5,4,315,"7",340
"1603",5,4,331,"11",340
"1604",5,4,317,"3",340
"1605",5,4,322,"14",340
"1606",5,4,322,"13",340
"1607",5,4,343,"5",340
"1608",5,4,334,"9",340
"1609",5,4,306,"2",340
"1610",5,4,311,"8",340
"1611",5,5,463,"13",435
"1612",5,5,455,"12",435
"1613",5,5,431,"6",435
"1614",5,5,404,"7",435
"1615",5,5,400,"5",435
"1616",5,5,446,"1",435
"1617",5,5,424,"10",435
"1618",5,5,394,"4",435
"1619",5,5,480,"8",435
"1620",5,5,426,"9",435
"1621",5,5,431,"2",435
"1622",5,5,407,"14",435
"1623",5,5,432,"11",435
"1624",5,5,445,"3",435
"1625",5,6,345,"3",377
"1626",5,6,350,"10",377
"1627",5,6,359,"11",377
"1628",5,6,381,"12",377
"1629",5,6,352,"2",377
"1630",5,6,329,"5",377
"1631",5,6,347,"4",377
"1632",5,6,358,"7",377
"1633",5,6,394,"1",377
"1634",5,6,342,"6",377
"1635",5,6,373,"8",377
"1636",5,6,400,"9",377
"1637",5,6,322,"14",377
"1638",5,6,372,"13",377
"1639",5,7,310,"5",309
"1640",5,7,307,"2",309
"1641",5,7,296,"13",309
"1642",5,7,327,"7",309
"1643",5,7,262,"9",309
"1644",5,7,301,"11",309
"1645",5,7,304,"6",309
"1646",5,7,283,"8",309
"1647",5,7,300,"10",309
"1648",5,7,265,"12",309
"1649",5,7,284,"14",309
"1650",5,7,316,"1",309
"1651",5,7,303,"4",309
"1652",5,7,284,"3",309
"1653",5,8,353,"11",390
"1654",5,8,385,"13",390
"1655",5,8,369,"12",390
"1656",5,8,396,"7",390
"1657",5,8,402,"14",390
"1658",5,8,402,"5",390
"1659",5,8,379,"2",390
"1660",5,8,359,"6",390
"1661",5,8,380,"10",390
"1662",5,8,378,"4",390
"1663",5,8,395,"1",390
"1664",5,8,390,"8",390
"1665",5,8,408,"9",390
"1666",5,8,347,"3",390
"1667",5,9,330,"12",348
"1668",5,9,340,"1",348
"1669",5,9,355,"2",348
"1670",5,9,320,"6",348
"1671",5,9,338,"13",348
"1672",5,9,327,"5",348
"1673",5,9,320,"9",348
"1674",5,9,322,"4",348
"1675",5,9,315,"11",348
"1676",5,9,365,"7",348
"1677",5,9,318,"14",348
"1678",5,9,333,"8",348
"1679",5,9,337,"10",348
"1680",5,9,331,"3",348
"1681",6,1,294,"8",288
"1682",6,1,265,"6",288
"1683",6,1,285,"1",288
"1684",6,1,271,"14",288
"1685",6,1,255,"12",288
"1686",6,1,251,"7",288
"1687",6,1,248,"2",288
"1688",6,1,275,"11",288
"1689",6,1,310,"5",288
"1690",6,1,284,"13",288
"1691",6,1,281,"9",288
"1692",6,1,274,"4",288
"1693",6,1,251,"3",288
"1694",6,1,296,"10",288
"1695",6,10,545,"4",517
"1696",6,10,520,"12",517
"1697",6,10,492,"5",517
"1698",6,10,503,"2",517
"1699",6,10,462,"11",517
"1700",6,10,494,"3",517
"1701",6,10,503,"1",517
"1702",6,10,521,"13",517
"1703",6,10,527,"7",517
"1704",6,10,466,"9",517
"1705",6,10,493,"6",517
"1706",6,10,545,"8",517
"1707",6,10,480,"14",517
"1708",6,10,532,"10",517
"1709",6,11,180,"1",195
"1710",6,11,201,"7",195
"1711",6,11,211,"6",195
"1712",6,11,182,"3",195
"1713",6,11,211,"8",195
"1714",6,11,195,"2",195
"1715",6,11,190,"9",195
"1716",6,11,197,"10",195
"1717",6,11,191,"5",195
"1718",6,11,202,"14",195
"1719",6,11,201,"4",195
"1720",6,11,232,"13",195
"1721",6,11,207,"11",195
"1722",6,11,197,"12",195
"1723",6,12,265,"12",266
"1724",6,12,268,"5",266
"1725",6,12,249,"7",266
"1726",6,12,265,"1",266
"1727",6,12,249,"8",266
"1728",6,12,257,"4",266
"1729",6,12,270,"11",266
"1730",6,12,270,"6",266
"1731",6,12,267,"10",266
"1732",6,12,255,"2",266
"1733",6,12,255,"9",266
"1734",6,12,262,"13",266
"1735",6,12,285,"14",266
"1736",6,12,249,"3",266
"1737",6,13,507,"12",522
"1738",6,13,514,"6",522
"1739",6,13,540,"7",522
"1740",6,13,537,"14",522
"1741",6,13,487,"11",522
"1742",6,13,533,"5",522
"1743",6,13,532,"9",522
"1744",6,13,489,"13",522
"1745",6,13,502,"10",522
"1746",6,13,541,"1",522
"1747",6,13,507,"8",522
"1748",6,13,516,"3",522
"1749",6,13,551,"2",522
"1750",6,13,512,"4",522
"1751",6,14,322,"12",322
"1752",6,14,291,"11",322
"1753",6,14,327,"14",322
"1754",6,14,320,"1",322
"1755",6,14,281,"3",322
"1756",6,14,327,"5",322
"1757",6,14,309,"7",322
"1758",6,14,302,"9",322
"1759",6,14,312,"4",322
"1760",6,14,335,"6",322
"1761",6,14,319,"8",322
"1762",6,14,310,"2",322
"1763",6,14,347,"13",322
"1764",6,14,317,"10",322
"1765",6,15,244,"2",219
"1766",6,15,244,"1",219
"1767",6,15,242,"6",219
"1768",6,15,241,"7",219
"1769",6,15,238,"9",219
"1770",6,15,240,"14",219
"1771",6,15,225,"8",219
"1772",6,15,239,"11",219
"1773",6,15,225,"10",219
"1774",6,15,244,"13",219
"1775",6,15,236,"3",219
"1776",6,15,234,"4",219
"1777",6,15,238,"5",219
"1778",6,15,211,"12",219
"1779",6,16,401,"12",412
"1780",6,16,388,"4",412
"1781",6,16,420,"1",412
"1782",6,16,379,"13",412
"1783",6,16,384,"6",412
"1784",6,16,401,"7",412
"1785",6,16,401,"11",412
"1786",6,16,383,"5",412
"1787",6,16,402,"14",412
"1788",6,16,393,"10",412
"1789",6,16,390,"8",412
"1790",6,16,393,"9",412
"1791",6,16,406,"3",412
"1792",6,16,410,"2",412
"1793",6,17,301,"7",315
"1794",6,17,308,"13",315
"1795",6,17,330,"6",315
"1796",6,17,292,"10",315
"1797",6,17,304,"2",315
"1798",6,17,328,"1",315
"1799",6,17,331,"12",315
"1800",6,17,328,"4",315
"1801",6,17,310,"8",315
"1802",6,17,336,"9",315
"1803",6,17,310,"11",315
"1804",6,17,362,"14",315
"1805",6,17,311,"3",315
"1806",6,17,330,"5",315
"1807",6,18,553,"2",550
"1808",6,18,538,"10",550
"1809",6,18,555,"1",550
"1810",6,18,564,"3",550
"1811",6,18,572,"6",550
"1812",6,18,549,"7",550
"1813",6,18,503,"4",550
"1814",6,18,528,"12",550
"1815",6,18,527,"9",550
"1816",6,18,535,"11",550
"1817",6,18,552,"5",550
"1818",6,18,532,"8",550
"1819",6,18,558,"14",550
"1820",6,18,485,"13",550
"1821",6,19,304,"1",288
"1822",6,19,326,"7",288
"1823",6,19,288,"8",288
"1824",6,19,317,"9",288
"1825",6,19,280,"4",288
"1826",6,19,333,"13",288
"1827",6,19,272,"5",288
"1828",6,19,327,"6",288
"1829",6,19,274,"10",288
"1830",6,19,292,"12",288
"1831",6,19,307,"14",288
"1832",6,19,301,"2",288
"1833",6,19,304,"11",288
"1834",6,19,302,"3",288
"1835",6,2,464,"12",442
"1836",6,2,479,"4",442
"1837",6,2,450,"5",442
"1838",6,2,420,"13",442
"1839",6,2,445,"2",442
"1840",6,2,459,"11",442
"1841",6,2,455,"1",442
"1842",6,2,479,"3",442
"1843",6,2,401,"14",442
"1844",6,2,463,"9",442
"1845",6,2,458,"10",442
"1846",6,2,461,"6",442
"1847",6,2,465,"8",442
"1848",6,2,447,"7",442
"1849",6,20,290,"11",279
"1850",6,20,289,"4",279
"1851",6,20,267,"8",279
"1852",6,20,299,"5",279
"1853",6,20,275,"10",279
"1854",6,20,277,"13",279
"1855",6,20,279,"2",279
"1856",6,20,243,"7",279
"1857",6,20,271,"1",279
"1858",6,20,283,"14",279
"1859",6,20,270,"12",279
"1860",6,20,265,"6",279
"1861",6,20,285,"3",279
"1862",6,20,273,"9",279
"1863",6,3,603,"7",616
"1864",6,3,620,"3",616
"1865",6,3,600,"10",616
"1866",6,3,572,"2",616
"1867",6,3,616,"1",616
"1868",6,3,585,"6",616
"1869",6,3,593,"5",616
"1870",6,3,606,"8",616
"1871",6,3,608,"9",616
"1872",6,3,613,"13",616
"1873",6,3,605,"11",616
"1874",6,3,575,"12",616
"1875",6,3,614,"4",616
"1876",6,3,630,"14",616
"1877",6,4,388,"12",351
"1878",6,4,376,"6",351
"1879",6,4,391,"5",351
"1880",6,4,372,"11",351
"1881",6,4,395,"10",351
"1882",6,4,390,"7",351
"1883",6,4,353,"9",351
"1884",6,4,361,"3",351
"1885",6,4,378,"13",351
"1886",6,4,374,"8",351
"1887",6,4,416,"2",351
"1888",6,4,354,"1",351
"1889",6,4,356,"4",351
"1890",6,4,376,"14",351
"1891",6,5,587,"8",564
"1892",6,5,603,"6",564
"1893",6,5,554,"7",564
"1894",6,5,597,"12",564
"1895",6,5,579,"13",564
"1896",6,5,555,"1",564
"1897",6,5,533,"2",564
"1898",6,5,507,"14",564
"1899",6,5,529,"10",564
"1900",6,5,552,"4",564
"1901",6,5,562,"3",564
"1902",6,5,579,"11",564
"1903",6,5,562,"5",564
"1904",6,5,610,"9",564
"1905",6,6,534,"12",566
"1906",6,6,531,"4",566
"1907",6,6,545,"2",566
"1908",6,6,527,"10",566
"1909",6,6,585,"5",566
"1910",6,6,535,"11",566
"1911",6,6,555,"9",566
"1912",6,6,565,"6",566
"1913",6,6,539,"3",566
"1914",6,6,557,"14",566
"1915",6,6,593,"13",566
"1916",6,6,523,"8",566
"1917",6,6,560,"1",566
"1918",6,6,511,"7",566
"1919",6,7,464,"2",439
"1920",6,7,459,"8",439
"1921",6,7,423,"9",439
"1922",6,7,459,"7",439
"1923",6,7,443,"10",439
"1924",6,7,463,"11",439
"1925",6,7,394,"5",439
"1926",6,7,426,"1",439
"1927",6,7,442,"14",439
"1928",6,7,451,"6",439
"1929",6,7,462,"3",439
"1930",6,7,415,"12",439
"1931",6,7,458,"4",439
"1932",6,7,434,"13",439
"1933",6,8,476,"5",472
"1934",6,8,480,"7",472
"1935",6,8,479,"6",472
"1936",6,8,491,"2",472
"1937",6,8,499,"11",472
"1938",6,8,470,"12",472
"1939",6,8,476,"8",472
"1940",6,8,502,"1",472
"1941",6,8,474,"14",472
"1942",6,8,468,"13",472
"1943",6,8,449,"3",472
"1944",6,8,471,"4",472
"1945",6,8,484,"10",472
"1946",6,8,511,"9",472
"1947",6,9,499,"1",492
"1948",6,9,480,"7",492
"1949",6,9,460,"6",492
"1950",6,9,490,"5",492
"1951",6,9,499,"9",492
"1952",6,9,466,"12",492
"1953",6,9,473,"2",492
"1954",6,9,439,"8",492
"1955",6,9,486,"11",492
"1956",6,9,451,"13",492
"1957",6,9,475,"3",492
"1958",6,9,477,"10",492
"1959",6,9,513,"14",492
"1960",6,9,506,"4",492
"1961",7,1,183,"14",149
"1962",7,1,151,"12",149
"1963",7,1,153,"1",149
"1964",7,1,155,"7",149
"1965",7,1,161,"8",149
"1966",7,1,155,"2",149
"1967",7,1,147,"13",149
"1968",7,1,144,"11",149
"1969",7,1,151,"5",149
"1970",7,1,153,"6",149
"1971",7,1,156,"10",149
"1972",7,1,163,"3",149
"1973",7,1,145,"9",149
"1974",7,1,148,"4",149
"1975",7,10,492,"12",515
"1976",7,10,469,"2",515
"1977",7,10,529,"3",515
"1978",7,10,476,"13",515
"1979",7,10,477,"6",515
"1980",7,10,527,"4",515
"1981",7,10,499,"5",515
"1982",7,10,537,"8",515
"1983",7,10,486,"11",515
"1984",7,10,495,"1",515
"1985",7,10,502,"10",515
"1986",7,10,500,"7",515
"1987",7,10,479,"9",515
"1988",7,10,486,"14",515
"1989",7,11,100,"8",119
"1990",7,11,110,"1",119
"1991",7,11,116,"2",119
"1992",7,11,108,"6",119
"1993",7,11,109,"11",119
"1994",7,11,118,"12",119
"1995",7,11,120,"9",119
"1996",7,11,115,"7",119
"1997",7,11,121,"14",119
"1998",7,11,113,"5",119
"1999",7,11,122,"3",119
"2000",7,11,122,"10",119
"2001",7,11,100,"13",119
"2002",7,11,122,"4",119
"2003",7,12,179,"1",183
"2004",7,12,197,"6",183
"2005",7,12,208,"12",183
"2006",7,12,189,"9",183
"2007",7,12,202,"2",183
"2008",7,12,191,"11",183
"2009",7,12,210,"13",183
"2010",7,12,219,"10",183
"2011",7,12,183,"4",183
"2012",7,12,198,"5",183
"2013",7,12,187,"3",183
"2014",7,12,206,"7",183
"2015",7,12,192,"14",183
"2016",7,12,180,"8",183
"2017",7,13,452,"6",464
"2018",7,13,500,"12",464
"2019",7,13,441,"13",464
"2020",7,13,454,"7",464
"2021",7,13,483,"2",464
"2022",7,13,442,"1",464
"2023",7,13,437,"9",464
"2024",7,13,465,"5",464
"2025",7,13,453,"11",464
"2026",7,13,419,"14",464
"2027",7,13,468,"8",464
"2028",7,13,455,"3",464
"2029",7,13,471,"10",464
"2030",7,13,512,"4",464
"2031",7,14,273,"3",255
"2032",7,14,242,"5",255
"2033",7,14,237,"12",255
"2034",7,14,256,"4",255
"2035",7,14,229,"2",255
"2036",7,14,270,"13",255
"2037",7,14,237,"11",255
"2038",7,14,261,"10",255
"2039",7,14,261,"6",255
"2040",7,14,269,"7",255
"2041",7,14,250,"8",255
"2042",7,14,257,"1",255
"2043",7,14,231,"14",255
"2044",7,14,262,"9",255
"2045",7,15,249,"8",227
"2046",7,15,230,"9",227
"2047",7,15,237,"7",227
"2048",7,15,207,"4",227
"2049",7,15,207,"2",227
"2050",7,15,233,"3",227
"2051",7,15,231,"10",227
"2052",7,15,250,"6",227
"2053",7,15,247,"14",227
"2054",7,15,223,"1",227
"2055",7,15,234,"5",227
"2056",7,15,230,"12",227
"2057",7,15,235,"11",227
"2058",7,15,216,"13",227
"2059",7,16,226,"6",223
"2060",7,16,251,"4",223
"2061",7,16,254,"13",223
"2062",7,16,236,"12",223
"2063",7,16,215,"1",223
"2064",7,16,218,"11",223
"2065",7,16,228,"5",223
"2066",7,16,242,"14",223
"2067",7,16,232,"10",223
"2068",7,16,253,"8",223
"2069",7,16,249,"9",223
"2070",7,16,229,"3",223
"2071",7,16,213,"2",223
"2072",7,16,245,"7",223
"2073",7,17,246,"12",226
"2074",7,17,254,"7",226
"2075",7,17,226,"1",226
"2076",7,17,240,"13",226
"2077",7,17,227,"2",226
"2078",7,17,222,"9",226
"2079",7,17,237,"4",226
"2080",7,17,223,"11",226
"2081",7,17,231,"8",226
"2082",7,17,214,"6",226
"2083",7,17,215,"3",226
"2084",7,17,213,"14",226
"2085",7,17,239,"10",226
"2086",7,17,223,"5",226
"2087",7,18,382,"5",360
"2088",7,18,338,"3",360
"2089",7,18,375,"9",360
"2090",7,18,369,"12",360
"2091",7,18,392,"8",360
"2092",7,18,365,"11",360
"2093",7,18,361,"4",360
"2094",7,18,338,"6",360
"2095",7,18,365,"2",360
"2096",7,18,345,"7",360
"2097",7,18,367,"10",360
"2098",7,18,335,"1",360
"2099",7,18,351,"14",360
"2100",7,18,376,"13",360
"2101",7,19,269,"7",274
"2102",7,19,246,"8",274
"2103",7,19,242,"6",274
"2104",7,19,259,"1",274
"2105",7,19,269,"5",274
"2106",7,19,285,"9",274
"2107",7,19,246,"2",274
"2108",7,19,262,"4",274
"2109",7,19,272,"3",274
"2110",7,19,252,"14",274
"2111",7,19,243,"10",274
"2112",7,19,291,"13",274
"2113",7,19,263,"11",274
"2114",7,19,273,"12",274
"2115",7,2,413,"4",406
"2116",7,2,426,"12",406
"2117",7,2,443,"5",406
"2118",7,2,406,"13",406
"2119",7,2,382,"6",406
"2120",7,2,414,"3",406
"2121",7,2,441,"11",406
"2122",7,2,394,"9",406
"2123",7,2,424,"7",406
"2124",7,2,405,"2",406
"2125",7,2,410,"1",406
"2126",7,2,403,"10",406
"2127",7,2,389,"8",406
"2128",7,2,391,"14",406
"2129",7,20,174,"11",180
"2130",7,20,191,"1",180
"2131",7,20,170,"12",180
"2132",7,20,187,"6",180
"2133",7,20,176,"5",180
"2134",7,20,185,"3",180
"2135",7,20,170,"10",180
"2136",7,20,187,"4",180
"2137",7,20,180,"13",180
"2138",7,20,184,"14",180
"2139",7,20,169,"8",180
"2140",7,20,174,"2",180
"2141",7,20,172,"7",180
"2142",7,20,176,"9",180
"2143",7,3,509,"8",499
"2144",7,3,487,"3",499
"2145",7,3,490,"10",499
"2146",7,3,463,"7",499
"2147",7,3,491,"1",499
"2148",7,3,501,"9",499
"2149",7,3,506,"5",499
"2150",7,3,490,"11",499
"2151",7,3,478,"12",499
"2152",7,3,501,"2",499
"2153",7,3,499,"14",499
"2154",7,3,534,"6",499
"2155",7,3,551,"13",499
"2156",7,3,476,"4",499
"2157",7,4,355,"13",395
"2158",7,4,390,"1",395
"2159",7,4,413,"5",395
"2160",7,4,411,"8",395
"2161",7,4,406,"7",395
"2162",7,4,381,"9",395
"2163",7,4,396,"11",395
"2164",7,4,409,"12",395
"2165",7,4,406,"14",395
"2166",7,4,423,"2",395
"2167",7,4,407,"3",395
"2168",7,4,413,"10",395
"2169",7,4,441,"6",395
"2170",7,4,369,"4",395
"2171",7,5,620,"14",634
"2172",7,5,608,"13",634
"2173",7,5,592,"7",634
"2174",7,5,632,"1",634
"2175",7,5,612,"8",634
"2176",7,5,586,"6",634
"2177",7,5,571,"5",634
"2178",7,5,606,"10",634
"2179",7,5,579,"4",634
"2180",7,5,603,"3",634
"2181",7,5,636,"9",634
"2182",7,5,605,"2",634
"2183",7,5,558,"11",634
"2184",7,5,682,"12",634
"2185",7,6,395,"2",424
"2186",7,6,437,"4",424
"2187",7,6,436,"6",424
"2188",7,6,437,"3",424
"2189",7,6,446,"1",424
"2190",7,6,451,"5",424
"2191",7,6,454,"8",424
"2192",7,6,452,"13",424
"2193",7,6,446,"11",424
"2194",7,6,443,"7",424
"2195",7,6,458,"12",424
"2196",7,6,440,"10",424
"2197",7,6,427,"14",424
"2198",7,6,432,"9",424
"2199",7,7,373,"2",390
"2200",7,7,425,"8",390
"2201",7,7,396,"9",390
"2202",7,7,342,"1",390
"2203",7,7,375,"10",390
"2204",7,7,401,"6",390
"2205",7,7,391,"7",390
"2206",7,7,383,"14",390
"2207",7,7,381,"12",390
"2208",7,7,382,"3",390
"2209",7,7,386,"4",390
"2210",7,7,356,"5",390
"2211",7,7,393,"11",390
"2212",7,7,384,"13",390
"2213",7,8,398,"1",378
"2214",7,8,397,"11",378
"2215",7,8,372,"4",378
"2216",7,8,392,"5",378
"2217",7,8,419,"13",378
"2218",7,8,389,"12",378
"2219",7,8,392,"8",378
"2220",7,8,402,"2",378
"2221",7,8,387,"14",378
"2222",7,8,354,"7",378
"2223",7,8,365,"3",378
"2224",7,8,416,"9",378
"2225",7,8,374,"6",378
"2226",7,8,398,"10",378
"2227",7,9,404,"7",394
"2228",7,9,376,"14",394
"2229",7,9,412,"1",394
"2230",7,9,404,"11",394
"2231",7,9,377,"8",394
"2232",7,9,384,"13",394
"2233",7,9,384,"3",394
"2234",7,9,409,"2",394
"2235",7,9,399,"9",394
"2236",7,9,417,"6",394
"2237",7,9,391,"5",394
"2238",7,9,425,"12",394
"2239",7,9,401,"10",394
"2240",7,9,393,"4",394
"2241",8,1,126,"1",120
"2242",8,1,138,"9",120
"2243",8,1,116,"10",120
"2244",8,1,120,"8",120
"2245",8,1,116,"2",120
"2246",8,1,131,"13",120
"2247",8,1,119,"14",120
"2248",8,1,126,"6",120
"2249",8,1,122,"3",120
"2250",8,1,134,"12",120
"2251",8,1,126,"7",120
"2252",8,1,127,"4",120
"2253",8,1,129,"11",120
"2254",8,1,120,"5",120
"2255",8,10,360,"3",313
"2256",8,10,310,"4",313
"2257",8,10,276,"13",313
"2258",8,10,330,"5",313
"2259",8,10,327,"12",313
"2260",8,10,321,"9",313
"2261",8,10,306,"2",313
"2262",8,10,357,"7",313
"2263",8,10,339,"14",313
"2264",8,10,324,"10",313
"2265",8,10,315,"6",313
"2266",8,10,307,"8",313
"2267",8,10,344,"11",313
"2268",8,10,302,"1",313
"2269",8,11,102,"8",105
"2270",8,11,114,"2",105
"2271",8,11,115,"6",105
"2272",8,11,111,"1",105
"2273",8,11,88,"7",105
"2274",8,11,107,"11",105
"2275",8,11,98,"10",105
"2276",8,11,101,"3",105
"2277",8,11,137,"14",105
"2278",8,11,111,"9",105
"2279",8,11,95,"5",105
"2280",8,11,93,"12",105
"2281",8,11,94,"4",105
"2282",8,11,97,"13",105
"2283",8,12,171,"12",153
"2284",8,12,135,"8",153
"2285",8,12,167,"6",153
"2286",8,12,180,"7",153
"2287",8,12,166,"5",153
"2288",8,12,143,"1",153
"2289",8,12,157,"3",153
"2290",8,12,142,"11",153
"2291",8,12,149,"10",153
"2292",8,12,180,"14",153
"2293",8,12,164,"2",153
"2294",8,12,157,"9",153
"2295",8,12,152,"4",153
"2296",8,12,157,"13",153
"2297",8,13,323,"12",338
"2298",8,13,360,"6",338
"2299",8,13,329,"13",338
"2300",8,13,336,"7",338
"2301",8,13,351,"2",338
"2302",8,13,366,"8",338
"2303",8,13,326,"3",338
"2304",8,13,298,"5",338
"2305",8,13,311,"11",338
"2306",8,13,331,"1",338
"2307",8,13,310,"10",338
"2308",8,13,283,"9",338
"2309",8,13,328,"14",338
"2310",8,13,315,"4",338
"2311",8,14,252,"3",245
"2312",8,14,228,"12",245
"2313",8,14,243,"1",245
"2314",8,14,237,"4",245
"2315",8,14,259,"5",245
"2316",8,14,264,"13",245
"2317",8,14,241,"8",245
"2318",8,14,223,"2",245
"2319",8,14,230,"6",245
"2320",8,14,233,"7",245
"2321",8,14,231,"10",245
"2322",8,14,227,"11",245
"2323",8,14,233,"9",245
"2324",8,14,247,"14",245
"2325",8,15,210,"9",207
"2326",8,15,218,"1",207
"2327",8,15,204,"3",207
"2328",8,15,217,"8",207
"2329",8,15,207,"12",207
"2330",8,15,196,"7",207
"2331",8,15,213,"10",207
"2332",8,15,194,"2",207
"2333",8,15,193,"4",207
"2334",8,15,210,"14",207
"2335",8,15,200,"11",207
"2336",8,15,203,"6",207
"2337",8,15,201,"5",207
"2338",8,15,229,"13",207
"2339",8,16,250,"13",275
"2340",8,16,235,"12",275
"2341",8,16,267,"5",275
"2342",8,16,265,"4",275
"2343",8,16,262,"1",275
"2344",8,16,268,"11",275
"2345",8,16,229,"3",275
"2346",8,16,298,"8",275
"2347",8,16,285,"2",275
"2348",8,16,252,"9",275
"2349",8,16,242,"7",275
"2350",8,16,256,"6",275
"2351",8,16,271,"14",275
"2352",8,16,236,"10",275
"2353",8,17,251,"1",251
"2354",8,17,258,"7",251
"2355",8,17,249,"3",251
"2356",8,17,251,"13",251
"2357",8,17,237,"2",251
"2358",8,17,238,"10",251
"2359",8,17,260,"11",251
"2360",8,17,246,"14",251
"2361",8,17,247,"8",251
"2362",8,17,252,"9",251
"2363",8,17,248,"5",251
"2364",8,17,273,"12",251
"2365",8,17,232,"6",251
"2366",8,17,283,"4",251
"2367",8,18,342,"12",318
"2368",8,18,341,"4",318
"2369",8,18,328,"3",318
"2370",8,18,310,"5",318
"2371",8,18,344,"2",318
"2372",8,18,314,"7",318
"2373",8,18,354,"13",318
"2374",8,18,329,"6",318
"2375",8,18,334,"10",318
"2376",8,18,346,"11",318
"2377",8,18,318,"14",318
"2378",8,18,329,"1",318
"2379",8,18,327,"8",318
"2380",8,18,328,"9",318
"2381",8,19,197,"2",189
"2382",8,19,185,"8",189
"2383",8,19,202,"9",189
"2384",8,19,189,"3",189
"2385",8,19,200,"10",189
"2386",8,19,200,"14",189
"2387",8,19,210,"7",189
"2388",8,19,198,"1",189
"2389",8,19,208,"5",189
"2390",8,19,224,"11",189
"2391",8,19,187,"12",189
"2392",8,19,196,"13",189
"2393",8,19,173,"6",189
"2394",8,19,201,"4",189
"2395",8,2,353,"12",346
"2396",8,2,324,"4",346
"2397",8,2,341,"1",346
"2398",8,2,369,"7",346
"2399",8,2,321,"6",346
"2400",8,2,363,"5",346
"2401",8,2,356,"13",346
"2402",8,2,354,"8",346
"2403",8,2,368,"3",346
"2404",8,2,359,"9",346
"2405",8,2,358,"11",346
"2406",8,2,357,"14",346
"2407",8,2,362,"2",346
"2408",8,2,365,"10",346
"2409",8,20,167,"13",149
"2410",8,20,137,"11",149
"2411",8,20,146,"5",149
"2412",8,20,153,"12",149
"2413",8,20,159,"9",149
"2414",8,20,151,"8",149
"2415",8,20,154,"2",149
"2416",8,20,189,"3",149
"2417",8,20,139,"7",149
"2418",8,20,168,"1",149
"2419",8,20,166,"6",149
"2420",8,20,150,"14",149
"2421",8,20,167,"10",149
"2422",8,20,149,"4",149
"2423",8,3,351,"2",363
"2424",8,3,380,"7",363
"2425",8,3,342,"3",363
"2426",8,3,325,"10",363
"2427",8,3,350,"12",363
"2428",8,3,344,"9",363
"2429",8,3,377,"6",363
"2430",8,3,373,"1",363
"2431",8,3,352,"4",363
"2432",8,3,317,"8",363
"2433",8,3,332,"11",363
"2434",8,3,334,"5",363
"2435",8,3,341,"13",363
"2436",8,3,357,"14",363
"2437",8,4,283,"1",290
"2438",8,4,299,"2",290
"2439",8,4,297,"3",290
"2440",8,4,331,"13",290
"2441",8,4,340,"7",290
"2442",8,4,286,"5",290
"2443",8,4,285,"12",290
"2444",8,4,314,"6",290
"2445",8,4,294,"14",290
"2446",8,4,310,"9",290
"2447",8,4,303,"10",290
"2448",8,4,300,"4",290
"2449",8,4,308,"11",290
"2450",8,4,324,"8",290
"2451",8,5,324,"13",315
"2452",8,5,318,"1",315
"2453",8,5,305,"2",315
"2454",8,5,272,"7",315
"2455",8,5,328,"8",315
"2456",8,5,296,"12",315
"2457",8,5,322,"3",315
"2458",8,5,324,"14",315
"2459",8,5,304,"4",315
"2460",8,5,303,"10",315
"2461",8,5,319,"6",315
"2462",8,5,307,"9",315
"2463",8,5,304,"5",315
"2464",8,5,319,"11",315
"2465",8,6,320,"5",310
"2466",8,6,321,"13",310
"2467",8,6,271,"1",310
"2468",8,6,300,"4",310
"2469",8,6,299,"2",310
"2470",8,6,325,"10",310
"2471",8,6,297,"12",310
"2472",8,6,303,"9",310
"2473",8,6,290,"6",310
"2474",8,6,303,"14",310
"2475",8,6,287,"7",310
"2476",8,6,323,"3",310
"2477",8,6,293,"11",310
"2478",8,6,330,"8",310
"2479",8,7,306,"8",301
"2480",8,7,286,"7",301
"2481",8,7,295,"5",301
"2482",8,7,297,"9",301
"2483",8,7,288,"3",301
"2484",8,7,315,"2",301
"2485",8,7,293,"1",301
"2486",8,7,284,"6",301
"2487",8,7,281,"10",301
"2488",8,7,314,"4",301
"2489",8,7,263,"13",301
"2490",8,7,292,"12",301
"2491",8,7,296,"11",301
"2492",8,7,273,"14",301
"2493",8,8,324,"13",331
"2494",8,8,336,"11",331
"2495",8,8,327,"5",331
"2496",8,8,338,"12",331
"2497",8,8,339,"1",331
"2498",8,8,330,"7",331
"2499",8,8,335,"9",331
"2500",8,8,355,"8",331
"2501",8,8,325,"2",331
"2502",8,8,337,"14",331
"2503",8,8,323,"3",331
"2504",8,8,350,"6",331
"2505",8,8,322,"4",331
"2506",8,8,331,"10",331
"2507",8,9,361,"13",363
"2508",8,9,342,"1",363
"2509",8,9,368,"8",363
"2510",8,9,364,"5",363
"2511",8,9,342,"14",363
"2512",8,9,377,"10",363
"2513",8,9,354,"3",363
"2514",8,9,337,"2",363
"2515",8,9,376,"6",363
"2516",8,9,354,"7",363
"2517",8,9,380,"4",363
"2518",8,9,375,"12",363
"2519",8,9,350,"9",363
"2520",8,9,369,"11",363
"2521",9,1,97,"9",100
"2522",9,1,97,"1",100
"2523",9,1,85,"10",100
"2524",9,1,105,"8",100
"2525",9,1,107,"2",100
"2526",9,1,92,"12",100
"2527",9,1,96,"6",100
"2528",9,1,84,"3",100
"2529",9,1,107,"13",100
"2530",9,1,95,"7",100
"2531",9,1,102,"14",100
"2532",9,1,113,"11",100
"2533",9,1,95,"4",100
"2534",9,1,92,"5",100
"2535",9,10,260,"4",279
"2536",9,10,261,"13",279
"2537",9,10,263,"12",279
"2538",9,10,258,"7",279
"2539",9,10,287,"2",279
"2540",9,10,274,"5",279
"2541",9,10,234,"6",279
"2542",9,10,296,"14",279
"2543",9,10,257,"9",279
"2544",9,10,268,"11",279
"2545",9,10,271,"3",279
"2546",9,10,251,"1",279
"2547",9,10,280,"10",279
"2548",9,10,296,"8",279
"2549",9,11,82,"9",82
"2550",9,11,87,"12",82
"2551",9,11,73,"8",82
"2552",9,11,84,"7",82
"2553",9,11,82,"4",82
"2554",9,11,75,"3",82
"2555",9,11,102,"10",82
"2556",9,11,60,"13",82
"2557",9,11,89,"6",82
"2558",9,11,85,"2",82
"2559",9,11,90,"14",82
"2560",9,11,86,"5",82
"2561",9,11,90,"11",82
"2562",9,11,74,"1",82
"2563",9,12,105,"7",116
"2564",9,12,114,"5",116
"2565",9,12,133,"9",116
"2566",9,12,112,"3",116
"2567",9,12,108,"1",116
"2568",9,12,108,"4",116
"2569",9,12,136,"13",116
"2570",9,12,108,"8",116
"2571",9,12,116,"12",116
"2572",9,12,111,"14",116
"2573",9,12,123,"10",116
"2574",9,12,109,"6",116
"2575",9,12,112,"2",116
"2576",9,12,110,"11",116
"2577",9,13,252,"1",231
"2578",9,13,229,"8",231
"2579",9,13,236,"14",231
"2580",9,13,220,"7",231
"2581",9,13,213,"2",231
"2582",9,13,243,"9",231
"2583",9,13,219,"13",231
"2584",9,13,248,"3",231
"2585",9,13,228,"12",231
"2586",9,13,219,"10",231
"2587",9,13,232,"4",231
"2588",9,13,226,"5",231
"2589",9,13,215,"11",231
"2590",9,13,223,"6",231
"2591",9,14,119,"5",101
"2592",9,14,124,"13",101
"2593",9,14,109,"8",101
"2594",9,14,106,"6",101
"2595",9,14,114,"4",101
"2596",9,14,111,"2",101
"2597",9,14,114,"1",101
"2598",9,14,111,"3",101
"2599",9,14,108,"7",101
"2600",9,14,104,"10",101
"2601",9,14,93,"11",101
"2602",9,14,128,"14",101
"2603",9,14,130,"12",101
"2604",9,14,115,"9",101
"2605",9,15,109,"7",110
"2606",9,15,117,"9",110
"2607",9,15,124,"10",110
"2608",9,15,127,"12",110
"2609",9,15,118,"5",110
"2610",9,15,100,"3",110
"2611",9,15,115,"1",110
"2612",9,15,96,"4",110
"2613",9,15,108,"8",110
"2614",9,15,117,"11",110
"2615",9,15,116,"6",110
"2616",9,15,111,"13",110
"2617",9,15,117,"2",110
"2618",9,15,117,"14",110
"2619",9,16,134,"13",108
"2620",9,16,136,"9",108
"2621",9,16,144,"6",108
"2622",9,16,122,"1",108
"2623",9,16,122,"2",108
"2624",9,16,121,"5",108
"2625",9,16,119,"10",108
"2626",9,16,128,"7",108
"2627",9,16,119,"14",108
"2628",9,16,127,"3",108
"2629",9,16,106,"12",108
"2630",9,16,109,"8",108
"2631",9,16,130,"4",108
"2632",9,16,130,"11",108
"2633",9,17,141,"7",163
"2634",9,17,163,"13",163
"2635",9,17,164,"8",163
"2636",9,17,152,"12",163
"2637",9,17,153,"14",163
"2638",9,17,142,"1",163
"2639",9,17,156,"9",163
"2640",9,17,170,"10",163
"2641",9,17,139,"2",163
"2642",9,17,171,"6",163
"2643",9,17,148,"4",163
"2644",9,17,177,"11",163
"2645",9,17,167,"3",163
"2646",9,17,158,"5",163
"2647",9,18,220,"6",229
"2648",9,18,251,"2",229
"2649",9,18,220,"4",229
"2650",9,18,205,"14",229
"2651",9,18,235,"13",229
"2652",9,18,230,"3",229
"2653",9,18,197,"8",229
"2654",9,18,196,"10",229
"2655",9,18,237,"11",229
"2656",9,18,251,"5",229
"2657",9,18,236,"9",229
"2658",9,18,239,"1",229
"2659",9,18,227,"12",229
"2660",9,18,244,"7",229
"2661",9,19,145,"2",167
"2662",9,19,165,"8",167
"2663",9,19,150,"9",167
"2664",9,19,167,"1",167
"2665",9,19,148,"10",167
"2666",9,19,158,"3",167
"2667",9,19,164,"7",167
"2668",9,19,153,"11",167
"2669",9,19,171,"5",167
"2670",9,19,151,"6",167
"2671",9,19,156,"4",167
"2672",9,19,166,"14",167
"2673",9,19,147,"12",167
"2674",9,19,145,"13",167
"2675",9,2,217,"5",196
"2676",9,2,209,"3",196
"2677",9,2,188,"6",196
"2678",9,2,209,"7",196
"2679",9,2,187,"8",196
"2680",9,2,185,"14",196
"2681",9,2,203,"12",196
"2682",9,2,188,"13",196
"2683",9,2,210,"11",196
"2684",9,2,215,"10",196
"2685",9,2,199,"4",196
"2686",9,2,222,"1",196
"2687",9,2,184,"9",196
"2688",9,2,198,"2",196
"2689",9,20,94,"1",108
"2690",9,20,97,"11",108
"2691",9,20,115,"13",108
"2692",9,20,120,"2",108
"2693",9,20,105,"6",108
"2694",9,20,117,"7",108
"2695",9,20,117,"5",108
"2696",9,20,98,"12",108
"2697",9,20,93,"4",108
"2698",9,20,104,"3",108
"2699",9,20,99,"10",108
"2700",9,20,101,"9",108
"2701",9,20,104,"8",108
"2702",9,20,102,"14",108
"2703",9,3,245,"3",249
"2704",9,3,258,"9",249
"2705",9,3,242,"10",249
"2706",9,3,264,"1",249
"2707",9,3,265,"8",249
"2708",9,3,259,"6",249
"2709",9,3,234,"11",249
"2710",9,3,240,"7",249
"2711",9,3,248,"4",249
"2712",9,3,228,"12",249
"2713",9,3,246,"13",249
"2714",9,3,248,"14",249
"2715",9,3,268,"2",249
"2716",9,3,247,"5",249
"2717",9,4,209,"9",195
"2718",9,4,208,"3",195
"2719",9,4,202,"12",195
"2720",9,4,215,"13",195
"2721",9,4,212,"7",195
"2722",9,4,186,"2",195
"2723",9,4,224,"4",195
"2724",9,4,207,"11",195
"2725",9,4,182,"6",195
"2726",9,4,196,"8",195
"2727",9,4,218,"1",195
"2728",9,4,209,"5",195
"2729",9,4,205,"10",195
"2730",9,4,199,"14",195
"2731",9,5,284,"1",258
"2732",9,5,267,"2",258
"2733",9,5,272,"7",258
"2734",9,5,259,"8",258
"2735",9,5,296,"12",258
"2736",9,5,264,"13",258
"2737",9,5,253,"9",258
"2738",9,5,253,"14",258
"2739",9,5,259,"4",258
"2740",9,5,252,"6",258
"2741",9,5,245,"3",258
"2742",9,5,244,"11",258
"2743",9,5,283,"5",258
"2744",9,5,237,"10",258
"2745",9,6,255,"13",266
"2746",9,6,242,"4",266
"2747",9,6,265,"14",266
"2748",9,6,247,"5",266
"2749",9,6,269,"12",266
"2750",9,6,230,"3",266
"2751",9,6,244,"6",266
"2752",9,6,289,"9",266
"2753",9,6,279,"1",266
"2754",9,6,246,"7",266
"2755",9,6,242,"8",266
"2756",9,6,240,"11",266
"2757",9,6,253,"10",266
"2758",9,6,214,"2",266
"2759",9,7,184,"8",172
"2760",9,7,187,"2",172
"2761",9,7,177,"9",172
"2762",9,7,184,"3",172
"2763",9,7,182,"7",172
"2764",9,7,157,"13",172
"2765",9,7,179,"1",172
"2766",9,7,170,"10",172
"2767",9,7,181,"11",172
"2768",9,7,171,"14",172
"2769",9,7,182,"6",172
"2770",9,7,191,"12",172
"2771",9,7,179,"5",172
"2772",9,7,158,"4",172
"2773",9,8,240,"7",237
"2774",9,8,279,"13",237
"2775",9,8,247,"5",237
"2776",9,8,245,"2",237
"2777",9,8,216,"12",237
"2778",9,8,247,"14",237
"2779",9,8,231,"8",237
"2780",9,8,234,"4",237
"2781",9,8,235,"6",237
"2782",9,8,227,"1",237
"2783",9,8,231,"3",237
"2784",9,8,224,"10",237
"2785",9,8,238,"11",237
"2786",9,8,261,"9",237
"2787",9,9,224,"1",193
"2788",9,9,208,"4",193
"2789",9,9,218,"13",193
"2790",9,9,186,"8",193
"2791",9,9,182,"7",193
"2792",9,9,187,"9",193
"2793",9,9,210,"2",193
"2794",9,9,190,"10",193
"2795",9,9,206,"14",193
"2796",9,9,203,"11",193
"2797",9,9,220,"12",193
"2798",9,9,185,"6",193
"2799",9,9,180,"5",193
"2800",9,9,209,"3",193
